Index,ItemID,OriginalName,Name,Chassis,Tonnage,Class,Type
1,1,hbk-4g,HBK-4G,HBK,50,MEDIUM,NORMAL
2,2,hbk-4p,HBK-4P,HBK,50,MEDIUM,NORMAL
3,3,jr7-d,JR7-D,JR7,35,LIGHT,NORMAL
4,4,jr7-f,JR7-F,JR7,35,LIGHT,NORMAL
5,5,com-2d,COM-2D,COM,25,LIGHT,NORMAL
6,6,com-3a,COM-3A,COM,25,LIGHT,NORMAL
7,7,cn9-a,CN9-A,CN9,50,MEDIUM,NORMAL
8,8,cn9-ah,CN9-AH,CN9,50,MEDIUM,NORMAL
9,9,hbk-4h,HBK-4H,HBK,50,MEDIUM,NORMAL
10,10,drg-1n,DRG-1N,DRG,60,HEAVY,NORMAL
11,11,drg-1c,DRG-1C,DRG,60,HEAVY,NORMAL
12,12,cplt-c1,CPLT-C1,CPLT,65,HEAVY,NORMAL
13,13,cplt-a1,CPLT-A1,CPLT,65,HEAVY,NORMAL
14,14,aws-8q,AWS-8Q,AWS,80,ASSAULT,NORMAL
15,15,aws-8r,AWS-8R,AWS,80,ASSAULT,NORMAL
16,16,as7-d,AS7-D,AS7,100,ASSAULT,NORMAL
17,17,as7-d-dc,AS7-D-DC,AS7,100,ASSAULT,NORMAL
18,18,as7-rs,AS7-RS,AS7,100,ASSAULT,NORMAL
19,19,cplt-k2,CPLT-K2,CPLT,65,HEAVY,NORMAL
20,20,jr7-k,JR7-K,JR7,35,LIGHT,NORMAL
21,21,hbk-4j,HBK-4J,HBK,50,MEDIUM,NORMAL
22,22,hbk-4sp,HBK-4SP,HBK,50,MEDIUM,NORMAL
23,23,drg-5n,DRG-5N,DRG,60,HEAVY,NORMAL
24,24,cplt-c4,CPLT-C4,CPLT,65,HEAVY,NORMAL
25,25,as7-k,AS7-K,AS7,100,ASSAULT,NORMAL
26,26,com-1b,COM-1B,COM,25,LIGHT,NORMAL
27,27,com-1d,COM-1D,COM,25,LIGHT,NORMAL
28,28,cn9-al,CN9-AL,CN9,50,MEDIUM,NORMAL
29,29,cn9-d,CN9-D,CN9,50,MEDIUM,NORMAL
30,30,aws-8t,AWS-8T,AWS,80,ASSAULT,NORMAL
31,31,aws-8v,AWS-8V,AWS,80,ASSAULT,NORMAL
32,32,aws-9m,AWS-9M,AWS,80,ASSAULT,NORMAL
33,33,rvn-3l,RVN-3L,RVN,35,LIGHT,NORMAL
34,34,rvn-2x,RVN-2X,RVN,35,LIGHT,NORMAL
35,35,rvn-4x,RVN-4X,RVN,35,LIGHT,NORMAL
36,36,cda-3m,CDA-3M,CDA,40,MEDIUM,NORMAL
37,37,cda-2a,CDA-2A,CDA,40,MEDIUM,NORMAL
38,38,cda-2b,CDA-2B,CDA,40,MEDIUM,NORMAL
39,39,cda-3c,CDA-3C,CDA,40,MEDIUM,NORMAL
40,40,ctf-3d,CTF-3D,CTF,70,HEAVY,NORMAL
41,41,ctf-1x,CTF-1X,CTF,70,HEAVY,NORMAL
42,42,ctf-2x,CTF-2X,CTF,70,HEAVY,NORMAL
43,43,ctf-3l,CTF-3L,CTF,70,HEAVY,NORMAL
44,44,ctf-4x,CTF-4X,CTF,70,HEAVY,NORMAL
45,45,cn9-ylw,CN9-YLW,CN9,50,MEDIUM,HERO
46,46,stk-5m,STK-5M,STK,85,ASSAULT,NORMAL
47,47,stk-3f,STK-3F,STK,85,ASSAULT,NORMAL
48,48,stk-3h,STK-3H,STK,85,ASSAULT,NORMAL
49,49,stk-4n,STK-4N,STK,85,ASSAULT,NORMAL
50,50,stk-5s,STK-5S,STK,85,ASSAULT,NORMAL
51,51,sdr-5v,SDR-5V,SDR,30,LIGHT,NORMAL
52,52,sdr-5d,SDR-5D,SDR,30,LIGHT,NORMAL
53,53,sdr-5k,SDR-5K,SDR,30,LIGHT,NORMAL
54,54,ctf-im,CTF-IM,CTF,70,HEAVY,HERO
55,55,drg-fang,DRG-FANG,DRG,60,HEAVY,HERO
56,56,drg-flame,DRG-FLAME,DRG,60,HEAVY,HERO
57,57,com-tdk,COM-TDK,COM,25,LIGHT,HERO
58,58,aws-pb,AWS-PB,AWS,80,ASSAULT,HERO
59,59,tbt-7m,TBT-7M,TBT,50,MEDIUM,NORMAL
60,60,tbt-3c,TBT-3C,TBT,50,MEDIUM,NORMAL
61,61,tbt-5j,TBT-5J,TBT,50,MEDIUM,NORMAL
62,62,tbt-5n,TBT-5N,TBT,50,MEDIUM,NORMAL
63,63,tbt-7k,TBT-7K,TBT,50,MEDIUM,NORMAL
64,64,cda-x5,CDA-X5,CDA,40,MEDIUM,HERO
65,65,jm6-dd,JM6-DD,JM6,65,HEAVY,NORMAL
66,66,jm6-a,JM6-A,JM6,65,HEAVY,NORMAL
67,67,jm6-s,JM6-S,JM6,65,HEAVY,NORMAL
68,69,hgn-hm,HGN-HM,HGN,90,ASSAULT,HERO
69,70,hgn-732,HGN-732,HGN,90,ASSAULT,NORMAL
70,71,hgn-733,HGN-733,HGN,90,ASSAULT,NORMAL
71,72,hgn-733c,HGN-733C,HGN,90,ASSAULT,NORMAL
72,73,hgn-733p,HGN-733P,HGN,90,ASSAULT,NORMAL
73,74,drg-5nc,DRG-5N,DRG,60,HEAVY,NORMAL
74,75,stk-m,STK-M,STK,85,ASSAULT,HERO
75,76,jr7-fc,JR7-F,JR7,35,LIGHT,NORMAL
76,77,bj-1,BJ-1,BJ,45,MEDIUM,NORMAL
77,78,bj-1dc,BJ-1DC,BJ,45,MEDIUM,NORMAL
78,79,bj-1x,BJ-1X,BJ,45,MEDIUM,NORMAL
79,80,bj-3,BJ-3,BJ,45,MEDIUM,NORMAL
80,81,jm6-fb,JM6-FB,JM6,65,HEAVY,HERO
81,82,qkd-4g,QKD-4G,QKD,60,HEAVY,NORMAL
82,83,qkd-4h,QKD-4H,QKD,60,HEAVY,NORMAL
83,84,qkd-5k,QKD-5K,QKD,60,HEAVY,NORMAL
84,85,hbk-4pc,HBK-4P,HBK,50,MEDIUM,NORMAL
85,86,jr7-ds,JR7-D,JR7,35,LIGHT,NORMAL
86,87,vtr-ds,VTR-DS,VTR,80,ASSAULT,HERO
87,88,vtr-9k,VTR-9K,VTR,80,ASSAULT,NORMAL
88,89,vtr-9b,VTR-9B,VTR,80,ASSAULT,NORMAL
89,90,vtr-9s,VTR-9S,VTR,80,ASSAULT,NORMAL
90,91,cplt-a1c,CPLT-A1,CPLT,65,HEAVY,NORMAL
91,92,as7-rsc,AS7-RS,AS7,100,ASSAULT,NORMAL
92,93,kto-gb,KTO-GB,KTO,55,MEDIUM,HERO
93,94,kto-20,KTO-20,KTO,55,MEDIUM,NORMAL
94,95,kto-18,KTO-18,KTO,55,MEDIUM,NORMAL
95,96,kto-19,KTO-19,KTO,55,MEDIUM,NORMAL
96,97,on1-p,ON1-P,ON1,75,HEAVY,HERO
97,98,on1-m,ON1-M,ON1,75,HEAVY,NORMAL
98,99,on1-k,ON1-K,ON1,75,HEAVY,NORMAL
99,100,on1-v,ON1-V,ON1,75,HEAVY,NORMAL
100,101,on1-va,ON1-VA,ON1,75,HEAVY,NORMAL
101,102,cn9-ac,CN9-A,CN9,50,MEDIUM,NORMAL
102,103,as7-bh,AS7-BH,AS7,100,ASSAULT,HERO
103,104,sdr-5kc,SDR-5K,SDR,30,LIGHT,NORMAL
104,105,lct-1vp,LCT-1V,LCT,20,LIGHT,NORMAL
105,106,lct-1v,LCT-1V,LCT,20,LIGHT,NORMAL
106,107,lct-3m,LCT-3M,LCT,20,LIGHT,NORMAL
107,108,lct-3s,LCT-3S,LCT,20,LIGHT,NORMAL
108,109,shd-2hp,SHD-2H,SHD,55,MEDIUM,NORMAL
109,110,shd-2h,SHD-2H,SHD,55,MEDIUM,NORMAL
110,111,shd-2d2,SHD-2D2,SHD,55,MEDIUM,NORMAL
111,112,shd-5m,SHD-5M,SHD,55,MEDIUM,NORMAL
112,113,tdr-5sp,TDR-5S,TDR,65,HEAVY,NORMAL
113,114,tdr-5s,TDR-5S,TDR,65,HEAVY,NORMAL
114,115,tdr-5ss,TDR-5SS,TDR,65,HEAVY,NORMAL
115,116,tdr-9se,TDR-9SE,TDR,65,HEAVY,NORMAL
116,117,blr-1gp,BLR-1G,BLR,85,ASSAULT,NORMAL
117,118,blr-1g,BLR-1G,BLR,85,ASSAULT,NORMAL
118,119,blr-1d,BLR-1D,BLR,85,ASSAULT,NORMAL
119,120,blr-1s,BLR-1S,BLR,85,ASSAULT,NORMAL
120,121,cplt-j,CPLT-J,CPLT,65,HEAVY,HERO
121,122,bj-1c,BJ-1,BJ,45,MEDIUM,NORMAL
122,123,jr7-o,JR7-O,JR7,35,LIGHT,HERO
123,124,hgn-733cc,HGN-733C,HGN,90,ASSAULT,NORMAL
124,125,grf-1np,GRF-1N,GRF,55,MEDIUM,NORMAL
125,126,grf-1n,GRF-1N,GRF,55,MEDIUM,NORMAL
126,127,grf-1s,GRF-1S,GRF,55,MEDIUM,NORMAL
127,128,grf-3m,GRF-3M,GRF,55,MEDIUM,NORMAL
128,129,wvr-6rp,WVR-6R,WVR,55,MEDIUM,NORMAL
129,130,wvr-6r,WVR-6R,WVR,55,MEDIUM,NORMAL
130,131,wvr-6k,WVR-6K,WVR,55,MEDIUM,NORMAL
131,132,wvr-7k,WVR-7K,WVR,55,MEDIUM,NORMAL
132,133,hbk-gi,HBK-GI,HBK,50,MEDIUM,HERO
133,134,cda-2ac,CDA-2A,CDA,40,MEDIUM,NORMAL
134,135,hbk-gi2,HBK-GI,HBK,50,MEDIUM,HERO
135,136,stk-3fc,STK-3F,STK,85,ASSAULT,NORMAL
136,137,fs9-e,FS9-E,FS9,35,LIGHT,HERO
137,138,fs9-s,FS9-S,FS9,35,LIGHT,NORMAL
138,139,fs9-a,FS9-A,FS9,35,LIGHT,NORMAL
139,140,fs9-h,FS9-H,FS9,35,LIGHT,NORMAL
140,141,fs9-k,FS9-K,FS9,35,LIGHT,NORMAL
141,142,ctf-3dc,CTF-3D,CTF,70,HEAVY,NORMAL
142,143,bnc-lm,BNC-LM,BNC,95,ASSAULT,HERO
143,144,bnc-3e,BNC-3E,BNC,95,ASSAULT,NORMAL
144,145,bnc-3m,BNC-3M,BNC,95,ASSAULT,NORMAL
145,146,bnc-3s,BNC-3S,BNC,95,ASSAULT,NORMAL
146,147,vtr-9sc,VTR-9S,VTR,80,ASSAULT,NORMAL
147,148,rvn-h,RVN-H,RVN,35,LIGHT,HERO
148,149,blr-3m,BLR-3M,BLR,85,ASSAULT,NORMAL
149,150,blr-3s,BLR-3S,BLR,85,ASSAULT,NORMAL
150,151,lct-1e,LCT-1E,LCT,20,LIGHT,NORMAL
151,152,lct-1m,LCT-1M,LCT,20,LIGHT,NORMAL
152,153,shd-2d,SHD-2D,SHD,55,MEDIUM,NORMAL
153,154,shd-2k,SHD-2K,SHD,55,MEDIUM,NORMAL
154,155,tdr-9s,TDR-9S,TDR,65,HEAVY,NORMAL
155,156,on1-kc,ON1-K,ON1,75,HEAVY,NORMAL
156,157,tbt-lg,TBT-LG,TBT,50,MEDIUM,HERO
157,158,qkd-iv4,QKD-IV4,QKD,60,HEAVY,HERO
158,159,bj-a,BJ-A,BJ,45,MEDIUM,HERO
159,160,fs9-sc,FS9-S,FS9,35,LIGHT,NORMAL
160,161,shd-2hc,SHD-2H,SHD,55,MEDIUM,NORMAL
161,162,tbr-primei,TBR-PRIME,TBR,75,HEAVY,NORMAL
162,163,tbr-prime,TBR-PRIME,TBR,75,HEAVY,NORMAL
163,164,tbr-c,TBR-C,TBR,75,HEAVY,NORMAL
164,165,tbr-s,TBR-S,TBR,75,HEAVY,NORMAL
165,166,adr-primei,ADR-PRIME,ADR,35,LIGHT,NORMAL
166,167,adr-prime,ADR-PRIME,ADR,35,LIGHT,NORMAL
167,168,adr-a,ADR-A,ADR,35,LIGHT,NORMAL
168,169,adr-d,ADR-D,ADR,35,LIGHT,NORMAL
169,170,dwf-primei,DWF-PRIME,DWF,100,ASSAULT,NORMAL
170,171,dwf-prime,DWF-PRIME,DWF,100,ASSAULT,NORMAL
171,172,dwf-a,DWF-A,DWF,100,ASSAULT,NORMAL
172,173,dwf-b,DWF-B,DWF,100,ASSAULT,NORMAL
173,174,kfx-primei,KFX-PRIME,KFX,30,LIGHT,NORMAL
174,175,kfx-prime,KFX-PRIME,KFX,30,LIGHT,NORMAL
175,176,kfx-d,KFX-D,KFX,30,LIGHT,NORMAL
176,177,kfx-s,KFX-S,KFX,30,LIGHT,NORMAL
177,178,nva-primei,NVA-PRIME,NVA,50,MEDIUM,NORMAL
178,179,nva-prime,NVA-PRIME,NVA,50,MEDIUM,NORMAL
179,180,nva-b,NVA-B,NVA,50,MEDIUM,NORMAL
180,181,nva-s,NVA-S,NVA,50,MEDIUM,NORMAL
181,182,scr-primei,SCR-PRIME,SCR,55,MEDIUM,NORMAL
182,183,scr-prime,SCR-PRIME,SCR,55,MEDIUM,NORMAL
183,184,scr-c,SCR-C,SCR,55,MEDIUM,NORMAL
184,185,scr-d,SCR-D,SCR,55,MEDIUM,NORMAL
185,186,smn-primei,SMN-PRIME,SMN,70,HEAVY,NORMAL
186,187,smn-prime,SMN-PRIME,SMN,70,HEAVY,NORMAL
187,188,smn-b,SMN-B,SMN,70,HEAVY,NORMAL
188,189,smn-d,SMN-D,SMN,70,HEAVY,NORMAL
189,190,whk-primei,WHK-PRIME,WHK,85,ASSAULT,NORMAL
190,191,whk-prime,WHK-PRIME,WHK,85,ASSAULT,NORMAL
191,192,whk-a,WHK-A,WHK,85,ASSAULT,NORMAL
192,193,whk-b,WHK-B,WHK,85,ASSAULT,NORMAL
193,194,tbr-primeg,TBR-PRIME,TBR,75,HEAVY,NORMAL
194,195,adr-primeg,ADR-PRIME,ADR,35,LIGHT,NORMAL
195,196,dwf-primeg,DWF-PRIME,DWF,100,ASSAULT,NORMAL
196,197,kfx-primeg,KFX-PRIME,KFX,30,LIGHT,NORMAL
197,198,nva-primeg,NVA-PRIME,NVA,50,MEDIUM,NORMAL
198,199,scr-primeg,SCR-PRIME,SCR,55,MEDIUM,NORMAL
199,200,smn-primeg,SMN-PRIME,SMN,70,HEAVY,NORMAL
200,201,whk-primeg,WHK-PRIME,WHK,85,ASSAULT,NORMAL
201,202,kto-18c,KTO-18,KTO,55,MEDIUM,NORMAL
202,203,sdr-a,SDR-A,SDR,30,LIGHT,HERO
203,204,blr-1ghe,BLR-1GHE,BLR,85,ASSAULT,HERO
204,205,vnd-1sib,VND-1SIB,VND,45,MEDIUM,HERO
205,206,vnd-1r,VND-1R,VND,45,MEDIUM,NORMAL
206,207,vnd-1aa,VND-1AA,VND,45,MEDIUM,NORMAL
207,208,vnd-1x,VND-1X,VND,45,MEDIUM,NORMAL
208,209,qkd-4gc,QKD-4G,QKD,60,HEAVY,NORMAL
209,210,grf-1e,GRF-1E,GRF,55,MEDIUM,HERO
210,211,mdd-primei,MDD-PRIME,MDD,60,HEAVY,NORMAL
211,212,mdd-prime,MDD-PRIME,MDD,60,HEAVY,NORMAL
212,213,mdd-a,MDD-A,MDD,60,HEAVY,NORMAL
213,214,mdd-b,MDD-B,MDD,60,HEAVY,NORMAL
214,215,tbt-7mc,TBT-7M,TBT,50,MEDIUM,NORMAL
215,216,as7-s,AS7-S,AS7,100,ASSAULT,NORMAL
216,217,tdr-9sec,TDR-9SE,TDR,65,HEAVY,NORMAL
217,218,ifr-primei,IFR-PRIME,IFR,45,MEDIUM,NORMAL
218,219,ifr-prime,IFR-PRIME,IFR,45,MEDIUM,NORMAL
219,220,ifr-a,IFR-A,IFR,45,MEDIUM,NORMAL
220,221,ifr-c,IFR-C,IFR,45,MEDIUM,NORMAL
221,222,lct-pb,LCT-PB,LCT,20,LIGHT,HERO
222,223,shd-gd,SHD-GD,SHD,55,MEDIUM,HERO
223,224,mlx-primei,MLX-PRIME,MLX,25,LIGHT,NORMAL
224,225,mlx-prime,MLX-PRIME,MLX,25,LIGHT,NORMAL
225,226,mlx-b,MLX-B,MLX,25,LIGHT,NORMAL
226,227,mlx-c,MLX-C,MLX,25,LIGHT,NORMAL
227,228,rvn-3lc,RVN-3L,RVN,35,LIGHT,NORMAL
228,229,hbr-primei,HBR-PRIME,HBR,65,HEAVY,NORMAL
229,230,hbr-prime,HBR-PRIME,HBR,65,HEAVY,NORMAL
230,231,hbr-a,HBR-A,HBR,65,HEAVY,NORMAL
231,232,hbr-b,HBR-B,HBR,65,HEAVY,NORMAL
232,233,gar-primei,GAR-PRIME,GAR,80,ASSAULT,NORMAL
233,234,gar-prime,GAR-PRIME,GAR,80,ASSAULT,NORMAL
234,235,gar-a,GAR-A,GAR,80,ASSAULT,NORMAL
235,236,gar-d,GAR-D,GAR,80,ASSAULT,NORMAL
236,237,kgc-000l,KGC-000,KGC,100,ASSAULT,NORMAL
237,238,kgc-000,KGC-000,KGC,100,ASSAULT,NORMAL
238,239,kgc-0000,KGC-0000,KGC,100,ASSAULT,NORMAL
239,240,kgc-000b,KGC-000B,KGC,100,ASSAULT,NORMAL
240,241,as7-s-std,AS7-S,AS7,100,ASSAULT,NORMAL
241,242,cn9-ah-std,CN9-AH,CN9,50,MEDIUM,NORMAL
242,243,pnt-10kr,PNT-10K,PNT,35,LIGHT,NORMAL
243,244,pnt-10k,PNT-10K,PNT,35,LIGHT,NORMAL
244,245,pnt-8z,PNT-8Z,PNT,35,LIGHT,NORMAL
245,246,pnt-9r,PNT-9R,PNT,35,LIGHT,NORMAL
246,247,enf-5dr,ENF-5D,ENF,50,MEDIUM,NORMAL
247,248,enf-5d,ENF-5D,ENF,50,MEDIUM,NORMAL
248,249,enf-4r,ENF-4R,ENF,50,MEDIUM,NORMAL
249,250,enf-5p,ENF-5P,ENF,50,MEDIUM,NORMAL
250,251,bnc-3mc,BNC-3M,BNC,95,ASSAULT,NORMAL
251,252,ghr-5jr,GHR-5J,GHR,70,HEAVY,NORMAL
252,253,ghr-5j,GHR-5J,GHR,70,HEAVY,NORMAL
253,254,ghr-5h,GHR-5H,GHR,70,HEAVY,NORMAL
254,255,ghr-5n,GHR-5N,GHR,70,HEAVY,NORMAL
255,256,zeu-6sr,ZEU-6S,ZEU,80,ASSAULT,NORMAL
256,257,zeu-6s,ZEU-6S,ZEU,80,ASSAULT,NORMAL
257,258,zeu-6t,ZEU-6T,ZEU,80,ASSAULT,NORMAL
258,259,zeu-9s,ZEU-9S,ZEU,80,ASSAULT,NORMAL
259,260,adr-b,ADR-B,ADR,35,LIGHT,NORMAL
260,261,dwf-s,DWF-S,DWF,100,ASSAULT,NORMAL
261,262,gar-c,GAR-C,GAR,80,ASSAULT,NORMAL
262,263,ifr-d,IFR-D,IFR,45,MEDIUM,NORMAL
263,264,kfx-c,KFX-C,KFX,30,LIGHT,NORMAL
264,265,mdd-c,MDD-C,MDD,60,HEAVY,NORMAL
265,266,mlx-a,MLX-A,MLX,25,LIGHT,NORMAL
266,267,nva-a,NVA-A,NVA,50,MEDIUM,NORMAL
267,268,scr-a,SCR-A,SCR,55,MEDIUM,NORMAL
268,269,smn-c,SMN-C,SMN,70,HEAVY,NORMAL
269,270,tbr-d,TBR-D,TBR,75,HEAVY,NORMAL
270,271,whk-c,WHK-C,WHK,85,ASSAULT,NORMAL
271,272,grf-1sc,GRF-1S,GRF,55,MEDIUM,NORMAL
272,273,wvr-6kc,WVR-6K,WVR,55,MEDIUM,NORMAL
273,274,um-r63s,UM-R63,UM,30,LIGHT,NORMAL
274,275,um-r63,UM-R63,UM,30,LIGHT,NORMAL
275,276,um-r60,UM-R60,UM,30,LIGHT,NORMAL
276,277,um-r60l,UM-R60L,UM,30,LIGHT,NORMAL
277,278,jm6-ac,JM6-A,JM6,65,HEAVY,NORMAL
278,279,ebj-primei,EBJ-PRIME,EBJ,65,HEAVY,NORMAL
279,280,ebj-prime,EBJ-PRIME,EBJ,65,HEAVY,NORMAL
280,281,ebj-a,EBJ-A,EBJ,65,HEAVY,NORMAL
281,282,ebj-b,EBJ-B,EBJ,65,HEAVY,NORMAL
282,283,ebj-c,EBJ-C,EBJ,65,HEAVY,NORMAL
283,284,exe-primei,EXE-PRIME,EXE,95,ASSAULT,NORMAL
284,285,exe-prime,EXE-PRIME,EXE,95,ASSAULT,NORMAL
285,286,exe-a,EXE-A,EXE,95,ASSAULT,NORMAL
286,287,exe-b,EXE-B,EXE,95,ASSAULT,NORMAL
287,288,exe-d,EXE-D,EXE,95,ASSAULT,NORMAL
288,289,tdr-5s-t,TDR-5S-T,TDR,65,HEAVY,HERO
289,290,ach-primei,ACH-PRIME,ACH,30,LIGHT,NORMAL
290,291,ach-prime,ACH-PRIME,ACH,30,LIGHT,NORMAL
291,292,ach-a,ACH-A,ACH,30,LIGHT,NORMAL
292,293,ach-b,ACH-B,ACH,30,LIGHT,NORMAL
293,294,ach-c,ACH-C,ACH,30,LIGHT,NORMAL
294,295,shc-primei,SHC-PRIME,SHC,45,MEDIUM,NORMAL
295,296,shc-prime,SHC-PRIME,SHC,45,MEDIUM,NORMAL
296,297,shc-a,SHC-A,SHC,45,MEDIUM,NORMAL
297,298,shc-b,SHC-B,SHC,45,MEDIUM,NORMAL
298,299,shc-p,SHC-P,SHC,45,MEDIUM,NORMAL
299,300,grf-2n,GRF-2N,GRF,55,MEDIUM,NORMAL
300,301,hgn-732b,HGN-732B,HGN,90,ASSAULT,NORMAL
301,302,lct-3v,LCT-3V,LCT,20,LIGHT,NORMAL
302,303,dwf-w,DWF-W,DWF,100,ASSAULT,NORMAL
303,304,gar-b,GAR-B,GAR,80,ASSAULT,NORMAL
304,305,ifr-b,IFR-B,IFR,45,MEDIUM,NORMAL
305,306,mlx-d,MLX-D,MLX,25,LIGHT,NORMAL
306,307,nva-c,NVA-C,NVA,50,MEDIUM,NORMAL
307,308,scr-b,SCR-B,SCR,55,MEDIUM,NORMAL
308,309,tbr-a,TBR-A,TBR,75,HEAVY,NORMAL
309,310,blr-2c,BLR-2C,BLR,85,ASSAULT,NORMAL
310,311,ctf-0xp,CTF-0XP,CTF,70,HEAVY,NORMAL
311,312,pnt-10p,PNT-10P,PNT,35,LIGHT,NORMAL
312,313,enf-4p,ENF-4P,ENF,50,MEDIUM,NORMAL
313,314,ghr-5p,GHR-5P,GHR,70,HEAVY,NORMAL
314,315,zeu-5s,ZEU-5S,ZEU,80,ASSAULT,NORMAL
315,316,wvr-q,WVR-Q,WVR,55,MEDIUM,HERO
316,317,enf-4rc,ENF-4R,ENF,50,MEDIUM,NORMAL
317,318,tbr-cc,TBR-C,TBR,75,HEAVY,NORMAL
318,319,bl-6-kntr,BL-6-KNT,BL-KNT,75,HEAVY,NORMAL
319,320,bl-6-knt,BL-6-KNT,BL-KNT,75,HEAVY,NORMAL
320,321,bl-6b-knt,BL-6B-KNT,BL-KNT,75,HEAVY,NORMAL
321,322,bl-7-knt,BL-7-KNT,BL-KNT,75,HEAVY,NORMAL
322,323,bl-7-knt-l,BL-7-KNT-L,BL-KNT,75,HEAVY,NORMAL
323,324,mal-1rr,MAL-1R,MAL,90,ASSAULT,NORMAL
324,325,mal-1r,MAL-1R,MAL,90,ASSAULT,NORMAL
325,326,mal-mx90,MAL-MX90,MAL,90,ASSAULT,NORMAL
326,327,mal-1p,MAL-1P,MAL,90,ASSAULT,NORMAL
327,328,mal-2p,MAL-2P,MAL,90,ASSAULT,NORMAL
328,329,crb-27r,CRB-27,CRB,50,MEDIUM,NORMAL
329,330,crb-27,CRB-27,CRB,50,MEDIUM,NORMAL
330,331,crb-20,CRB-20,CRB,50,MEDIUM,NORMAL
331,332,crb-27b,CRB-27B,CRB,50,MEDIUM,NORMAL
332,333,crb-27sl,CRB-27SL,CRB,50,MEDIUM,NORMAL
333,334,wlf-2r,WLF-2,WLF,35,LIGHT,NORMAL
334,335,wlf-2,WLF-2,WLF,35,LIGHT,NORMAL
335,336,wlf-1,WLF-1,WLF,35,LIGHT,NORMAL
336,337,wlf-1a,WLF-1A,WLF,35,LIGHT,NORMAL
337,338,wlf-1b,WLF-1B,WLF,35,LIGHT,NORMAL
338,339,cda-3fl,CDA-3F,CDA,40,MEDIUM,NORMAL
339,340,wvr-7dl,WVR-7D,WVR,55,MEDIUM,NORMAL
340,341,zeu-9s2l,ZEU-9S2,ZEU,80,ASSAULT,NORMAL
341,342,nva-dl,NVA-D,NVA,50,MEDIUM,NORMAL
342,343,exe-cl,EXE-C,EXE,95,ASSAULT,NORMAL
343,344,mad-3rs,MAD-3R,MAD,75,HEAVY,NORMAL
344,345,mad-3r,MAD-3R,MAD,75,HEAVY,NORMAL
345,346,mad-5d,MAD-5D,MAD,75,HEAVY,NORMAL
346,347,mad-5m,MAD-5M,MAD,75,HEAVY,NORMAL
347,348,mad-bh2,MAD-BH2,MAD,75,HEAVY,HERO
348,349,kgc-000bc,KGC-000B,KGC,100,ASSAULT,NORMAL
349,350,kgc-000bs,KGC-000B,KGC,100,ASSAULT,NORMAL
350,351,ach-primec,ACH-PRIME,ACH,30,LIGHT,NORMAL
351,352,ach-primes,ACH-PRIME,ACH,30,LIGHT,NORMAL
352,353,scr-primec,SCR-PRIME,SCR,55,MEDIUM,NORMAL
353,354,scr-primes,SCR-PRIME,SCR,55,MEDIUM,NORMAL
354,355,dwf-wc,DWF-W,DWF,100,ASSAULT,NORMAL
355,356,dwf-ws,DWF-W,DWF,100,ASSAULT,NORMAL
356,357,rvn-3ls,RVN-3L,RVN,35,LIGHT,NORMAL
357,358,hbk-4ps,HBK-4P,HBK,50,MEDIUM,NORMAL
358,359,tdr-9ses,TDR-9SE,TDR,65,HEAVY,NORMAL
359,360,tbr-cs,TBR-C,TBR,75,HEAVY,NORMAL
360,361,jr7-iico,JR7-IIC,JR7-IIC,35,LIGHT,NORMAL
361,362,jr7-iic,JR7-IIC,JR7-IIC,35,LIGHT,NORMAL
362,363,jr7-iic-2,JR7-IIC-2,JR7-IIC,35,LIGHT,NORMAL
363,364,jr7-iic-3,JR7-IIC-3,JR7-IIC,35,LIGHT,NORMAL
364,365,jr7-iic-a,JR7-IIC-A,JR7-IIC,35,LIGHT,NORMAL
365,366,hbk-iico,HBK-IIC,HBK-IIC,50,MEDIUM,NORMAL
366,367,hbk-iic,HBK-IIC,HBK-IIC,50,MEDIUM,NORMAL
367,368,hbk-iic-a,HBK-IIC-A,HBK-IIC,50,MEDIUM,NORMAL
368,369,hbk-iic-b,HBK-IIC-B,HBK-IIC,50,MEDIUM,NORMAL
369,370,hbk-iic-c,HBK-IIC-C,HBK-IIC,50,MEDIUM,NORMAL
370,371,on1-iico,ON1-IIC,ON1-IIC,75,HEAVY,NORMAL
371,372,on1-iic,ON1-IIC,ON1-IIC,75,HEAVY,NORMAL
372,373,on1-iic-a,ON1-IIC-A,ON1-IIC,75,HEAVY,NORMAL
373,374,on1-iic-b,ON1-IIC-B,ON1-IIC,75,HEAVY,NORMAL
374,375,on1-iic-c,ON1-IIC-C,ON1-IIC,75,HEAVY,NORMAL
375,376,hgn-iico,HGN-IIC,HGN-IIC,90,ASSAULT,NORMAL
376,377,hgn-iic,HGN-IIC,HGN-IIC,90,ASSAULT,NORMAL
377,378,hgn-iic-a,HGN-IIC-A,HGN-IIC,90,ASSAULT,NORMAL
378,379,hgn-iic-b,HGN-IIC-B,HGN-IIC,90,ASSAULT,NORMAL
379,380,hgn-iic-c,HGN-IIC-C,HGN-IIC,90,ASSAULT,NORMAL
380,381,whm-6rs,WHM-6R,WHM,70,HEAVY,NORMAL
381,382,whm-6r,WHM-6R,WHM,70,HEAVY,NORMAL
382,383,whm-6d,WHM-6D,WHM,70,HEAVY,NORMAL
383,384,whm-7s,WHM-7S,WHM,70,HEAVY,NORMAL
384,385,whm-bw,WHM-BW,WHM,70,HEAVY,HERO
385,386,rfl-3ns,RFL-3N,RFL,60,HEAVY,NORMAL
386,387,rfl-3n,RFL-3N,RFL,60,HEAVY,NORMAL
387,388,rfl-3c,RFL-3C,RFL,60,HEAVY,NORMAL
388,389,rfl-5d,RFL-5D,RFL,60,HEAVY,NORMAL
389,390,rfl-lk,RFL-LK,RFL,65,HEAVY,HERO
390,391,arc-2rs,ARC-2R,ARC,70,HEAVY,NORMAL
391,392,arc-2r,ARC-2R,ARC,70,HEAVY,NORMAL
392,393,arc-5s,ARC-5S,ARC,70,HEAVY,NORMAL
393,394,arc-5w,ARC-5W,ARC,70,HEAVY,NORMAL
394,395,arc-t,ARC-T,ARC,70,HEAVY,HERO
395,396,lct-1ec,LCT-1E,LCT,20,LIGHT,NORMAL
396,397,com-1dc,COM-1D,COM,25,LIGHT,NORMAL
397,398,vnd-1aac,VND-1AA,VND,45,MEDIUM,NORMAL
398,399,aws-9mc,AWS-9M,AWS,80,ASSAULT,NORMAL
399,400,blr-2cc,BLR-2C,BLR,85,ASSAULT,NORMAL
400,401,mlx-primec,MLX-PRIME,MLX,25,LIGHT,NORMAL
401,402,shc-primec,SHC-PRIME,SHC,45,MEDIUM,NORMAL
402,403,ebj-primec,EBJ-PRIME,EBJ,65,HEAVY,NORMAL
403,404,whk-cc,WHK-C,WHK,85,ASSAULT,NORMAL
404,405,kdk-1s,KDK-1,KDK,100,ASSAULT,NORMAL
405,406,kdk-1,KDK-1,KDK,100,ASSAULT,NORMAL
406,407,kdk-2,KDK-2,KDK,100,ASSAULT,NORMAL
407,408,kdk-3,KDK-3,KDK,100,ASSAULT,NORMAL
408,409,kdk-4,KDK-4,KDK,100,ASSAULT,NORMAL
409,410,kdk-5,KDK-5,KDK,100,ASSAULT,NORMAL
410,411,kdk-sb,KDK-SB,KDK,100,ASSAULT,HERO
411,412,pxh-1s,PXH-1,PXH,45,MEDIUM,NORMAL
412,413,pxh-1,PXH-1,PXH,45,MEDIUM,NORMAL
413,414,pxh-1b,PXH-1B,PXH,45,MEDIUM,NORMAL
414,415,pxh-1k,PXH-1K,PXH,45,MEDIUM,NORMAL
415,416,pxh-2,PXH-2,PXH,45,MEDIUM,NORMAL
416,417,pxh-3s,PXH-3S,PXH,45,MEDIUM,NORMAL
417,418,pxh-r,PXH-R,PXH,45,MEDIUM,HERO
418,419,pxh-kk,PXH-KK,PXH,45,MEDIUM,HERO
419,420,cplt-bb,CPLT-BB,CPLT,65,HEAVY,HERO
420,421,vpr-primes,VPR-PRIME,VPR,40,MEDIUM,NORMAL
421,422,vpr-prime,VPR-PRIME,VPR,40,MEDIUM,NORMAL
422,423,vpr-a,VPR-A,VPR,40,MEDIUM,NORMAL
423,424,vpr-b,VPR-B,VPR,40,MEDIUM,NORMAL
424,425,vpr-c,VPR-C,VPR,40,MEDIUM,NORMAL
425,426,vpr-d,VPR-D,VPR,40,MEDIUM,NORMAL
426,427,vpr-m,VPR-M,VPR,40,MEDIUM,HERO
427,428,cda-3f,CDA-3F,CDA,40,MEDIUM,NORMAL
428,429,wvr-7d,WVR-7D,WVR,55,MEDIUM,NORMAL
429,430,zeu-9s2,ZEU-9S2,ZEU,80,ASSAULT,NORMAL
430,431,nva-d,NVA-D,NVA,50,MEDIUM,NORMAL
431,432,exe-c,EXE-C,EXE,95,ASSAULT,NORMAL
432,433,cp-11-as,CP-11-A,CP,90,ASSAULT,NORMAL
433,434,cp-11-a,CP-11-A,CP,90,ASSAULT,NORMAL
434,435,cp-10-q,CP-10-Q,CP,90,ASSAULT,NORMAL
435,436,cp-10-z,CP-10-Z,CP,90,ASSAULT,NORMAL
436,437,cp-11-a-dc,CP-11-A-DC,CP,90,ASSAULT,NORMAL
437,438,cp-11-p,CP-11-P,CP,90,ASSAULT,NORMAL
438,439,cp-s,CP-S,CP,90,ASSAULT,HERO
439,440,cn9-ancix,CN9-A,CN9,50,MEDIUM,NORMAL
440,441,ntg-primes,NTG-PRIME,NTG,75,HEAVY,NORMAL
441,442,ntg-prime,NTG-PRIME,NTG,75,HEAVY,NORMAL
442,443,ntg-a,NTG-A,NTG,75,HEAVY,NORMAL
443,444,ntg-b,NTG-B,NTG,75,HEAVY,NORMAL
444,445,ntg-c,NTG-C,NTG,75,HEAVY,NORMAL
445,446,ntg-d,NTG-D,NTG,75,HEAVY,NORMAL
446,447,ntg-jk,NTG-JK,NTG,75,HEAVY,HERO
447,448,pnt-10kc,PNT-10K,PNT,35,LIGHT,NORMAL
448,449,crb-27bc,CRB-27B,CRB,50,MEDIUM,NORMAL
449,450,ghr-5hc,GHR-5H,GHR,70,HEAVY,NORMAL
450,451,zeu-6tc,ZEU-6T,ZEU,80,ASSAULT,NORMAL
451,452,jr7-iicc,JR7-IIC,JR7-IIC,35,LIGHT,NORMAL
452,453,hbk-iicc,HBK-IIC,HBK-IIC,50,MEDIUM,NORMAL
453,454,on1-iic-ac,ON1-IIC-A,ON1-IIC,75,HEAVY,NORMAL
454,455,hgn-iic-cc,HGN-IIC-C,HGN-IIC,90,ASSAULT,NORMAL
455,456,hmn-primes,HMN-PRIME,HMN,50,MEDIUM,NORMAL
456,457,hmn-prime,HMN-PRIME,HMN,50,MEDIUM,NORMAL
457,458,hmn-a,HMN-A,HMN,50,MEDIUM,NORMAL
458,459,hmn-b,HMN-B,HMN,50,MEDIUM,NORMAL
459,460,hmn-c,HMN-C,HMN,50,MEDIUM,NORMAL
460,461,hmn-p,HMN-P,HMN,50,MEDIUM,NORMAL
461,462,hmn-pa,HMN-PA,HMN,50,MEDIUM,HERO
462,463,bj-2l,BJ-2,BJ,45,MEDIUM,NORMAL
463,464,ctf-3ll,CTF-3L,CTF,70,HEAVY,NORMAL
464,465,stk-3fbl,STK-3FB,STK,85,ASSAULT,NORMAL
465,466,hbr-fl,HBR-F,HBR,65,HEAVY,NORMAL
466,467,smn-fl,SMN-F,SMN,70,HEAVY,NORMAL
467,468,smn-ml,SMN-M,SMN,70,HEAVY,NORMAL
468,469,lbk-primes,LBK-PRIME,LBK,65,HEAVY,NORMAL
469,470,lbk-prime,LBK-PRIME,LBK,65,HEAVY,NORMAL
470,471,lbk-a,LBK-A,LBK,65,HEAVY,NORMAL
471,472,lbk-b,LBK-B,LBK,65,HEAVY,NORMAL
472,473,lbk-c,LBK-C,LBK,65,HEAVY,NORMAL
473,474,lbk-d,LBK-D,LBK,65,HEAVY,NORMAL
474,475,lbk-rl,LBK-RL,LBK,65,HEAVY,HERO
475,476,kfx-pr,KFX-PR,KFX,30,LIGHT,HERO
476,477,adr-cn,ADR-CN,ADR,35,LIGHT,HERO
477,478,nva-bk,NVA-BK,NVA,50,MEDIUM,HERO
478,479,scr-lc,SCR-LC,SCR,55,MEDIUM,HERO
479,480,smn-pd,SMN-PD,SMN,70,HEAVY,HERO
480,481,tbr-war,TBR-WAR,TBR,75,HEAVY,HERO
481,482,whk-nq,WHK-NQ,WHK,85,ASSAULT,HERO
482,483,dwf-uv,DWF-UV,DWF,100,ASSAULT,HERO
483,484,pnt-10ks,PNT-10K,PNT,35,LIGHT,NORMAL
484,485,mlx-primes,MLX-PRIME,MLX,25,LIGHT,NORMAL
485,486,crb-27bs,CRB-27B,CRB,50,MEDIUM,NORMAL
486,487,shc-primes,SHC-PRIME,SHC,45,MEDIUM,NORMAL
487,488,ghr-5hs,GHR-5H,GHR,70,HEAVY,NORMAL
488,489,ebj-primes,EBJ-PRIME,EBJ,65,HEAVY,NORMAL
489,490,zeu-6ts,ZEU-6T,ZEU,80,ASSAULT,NORMAL
490,491,whk-cs,WHK-C,WHK,85,ASSAULT,NORMAL
491,492,mad-iics,MAD-IIC,MAD-IIC,85,ASSAULT,NORMAL
492,493,mad-iic,MAD-IIC,MAD-IIC,85,ASSAULT,NORMAL
493,494,mad-iic-8,MAD-IIC-8,MAD-IIC,85,ASSAULT,NORMAL
494,495,mad-iic-a,MAD-IIC-A,MAD-IIC,85,ASSAULT,NORMAL
495,496,mad-iic-b,MAD-IIC-B,MAD-IIC,85,ASSAULT,NORMAL
496,497,mad-iic-c,MAD-IIC-C,MAD-IIC,85,ASSAULT,NORMAL
497,498,mad-iic-d,MAD-IIC-D,MAD-IIC,85,ASSAULT,NORMAL
498,499,mad-iic-sc,MAD-IIC-SC,MAD-IIC,85,ASSAULT,HERO
499,500,bsw-x1s,BSW-X1,BSW,55,MEDIUM,NORMAL
500,501,bsw-x1,BSW-X1,BSW,55,MEDIUM,NORMAL
501,502,bsw-x2,BSW-X2,BSW,55,MEDIUM,NORMAL
502,503,bsw-s2,BSW-S2,BSW,55,MEDIUM,NORMAL
503,504,bsw-p1,BSW-P1,BSW,55,MEDIUM,NORMAL
504,505,bsw-p2,BSW-P2,BSW,55,MEDIUM,NORMAL
505,506,bsw-hr,BSW-HR,BSW,55,MEDIUM,HERO
506,507,snv-1s,SNV-1,SNV,90,ASSAULT,NORMAL
507,508,snv-1,SNV-1,SNV,90,ASSAULT,NORMAL
508,509,snv-3,SNV-3,SNV,90,ASSAULT,NORMAL
509,510,snv-a,SNV-A,SNV,90,ASSAULT,NORMAL
510,511,snv-b,SNV-B,SNV,90,ASSAULT,NORMAL
511,512,snv-c,SNV-C,SNV,90,ASSAULT,NORMAL
512,513,snv-br,SNV-BR,SNV,90,ASSAULT,HERO
513,514,bj-2,BJ-2,BJ,45,MEDIUM,NORMAL
514,515,stk-3fb,STK-3FB,STK,85,ASSAULT,NORMAL
515,516,hbr-f,HBR-F,HBR,65,HEAVY,NORMAL
516,517,smn-f,SMN-F,SMN,70,HEAVY,NORMAL
517,518,smn-m,SMN-M,SMN,70,HEAVY,NORMAL
518,519,asn-21s,ASN-21,ASN,40,MEDIUM,NORMAL
519,520,asn-21,ASN-21,ASN,40,MEDIUM,NORMAL
520,521,asn-23,ASN-23,ASN,40,MEDIUM,NORMAL
521,522,asn-101,ASN-101,ASN,40,MEDIUM,NORMAL
522,523,asn-26,ASN-26,ASN,40,MEDIUM,NORMAL
523,524,asn-27,ASN-27,ASN,40,MEDIUM,NORMAL
524,525,asn-dd,ASN-DD,ASN,40,MEDIUM,HERO
525,526,wlf-1c,WLF-1,WLF,35,LIGHT,NORMAL
526,527,pxh-2c,PXH-2,PXH,45,MEDIUM,NORMAL
527,528,whm-6dc,WHM-6D,WHM,70,HEAVY,NORMAL
528,529,mal-mx90c,MAL-MX90,MAL,90,ASSAULT,NORMAL
529,530,adr-primec,ADR-PRIME,ADR,35,LIGHT,NORMAL
530,531,nva-sc,NVA-S,NVA,50,MEDIUM,NORMAL
531,532,hbr-fc,HBR-F,HBR,65,HEAVY,NORMAL
532,533,kdk-3c,KDK-3,KDK,100,ASSAULT,NORMAL
533,534,rgh-1as,RGH-1A,RGH,65,HEAVY,NORMAL
534,535,rgh-1a,RGH-1A,RGH,65,HEAVY,NORMAL
535,536,rgh-1b,RGH-1B,RGH,65,HEAVY,NORMAL
536,537,rgh-1c,RGH-1C,RGH,65,HEAVY,NORMAL
537,538,rgh-2a,RGH-2A,RGH,65,HEAVY,NORMAL
538,539,rgh-3a,RGH-3A,RGH,65,HEAVY,NORMAL
539,540,rgh-r,RGH-R,RGH,65,HEAVY,HERO
540,541,jvn-10ns,JVN-10N,JVN,30,LIGHT,NORMAL
541,542,jvn-10n,JVN-10N,JVN,30,LIGHT,NORMAL
542,543,jvn-10f,JVN-10F,JVN,30,LIGHT,NORMAL
543,544,jvn-10p,JVN-10P,JVN,30,LIGHT,NORMAL
544,545,jvn-11a,JVN-11A,JVN,30,LIGHT,NORMAL
545,546,jvn-11b,JVN-11B,JVN,30,LIGHT,NORMAL
546,547,jvn-ht,JVN-HT,JVN,30,LIGHT,HERO
547,548,um-k9,UM-K9,UM,30,LIGHT,HERO
548,549,wlf-gr,WLF-GR,WLF,35,LIGHT,HERO
549,550,pnt-kk,PNT-KK,PNT,35,LIGHT,HERO
550,551,crb-fl,CRB-FL,CRB,50,MEDIUM,HERO
551,552,enf-gh,ENF-GH,ENF,50,MEDIUM,HERO
552,553,ghr-mj,GHR-MJ,GHR,70,HEAVY,HERO
553,554,bl-p-knt,BL-P-KNT,BL-KNT,75,HEAVY,HERO
554,555,zeu-sk,ZEU-SK,ZEU,80,ASSAULT,HERO
555,556,mal-ko,MAL-KO,MAL,90,ASSAULT,HERO
556,557,kgc-kj,KGC-KJ,KGC,100,ASSAULT,HERO
557,558,uzl-3ss,UZL-3S,UZL,50,MEDIUM,NORMAL
558,559,uzl-3s,UZL-3S,UZL,50,MEDIUM,NORMAL
559,560,uzl-2s,UZL-2S,UZL,50,MEDIUM,NORMAL
560,561,uzl-3p,UZL-3P,UZL,50,MEDIUM,NORMAL
561,562,uzl-5p,UZL-5P,UZL,50,MEDIUM,NORMAL
562,563,uzl-6p,UZL-6P,UZL,50,MEDIUM,NORMAL
563,564,uzl-be,UZL-BE,UZL,50,MEDIUM,HERO
564,565,anh-2as,ANH-2A,ANH,100,ASSAULT,NORMAL
565,566,anh-2a,ANH-2A,ANH,100,ASSAULT,NORMAL
566,567,anh-1a,ANH-1A,ANH,100,ASSAULT,NORMAL
567,568,anh-1e,ANH-1E,ANH,100,ASSAULT,NORMAL
568,569,anh-1x,ANH-1X,ANH,100,ASSAULT,NORMAL
569,570,anh-1p,ANH-1P,ANH,100,ASSAULT,NORMAL
570,571,anh-mb,ANH-MB,ANH,100,ASSAULT,HERO
571,572,cou-primes,COU-PRIME,COU,35,LIGHT,NORMAL
572,573,cou-prime,COU-PRIME,COU,35,LIGHT,NORMAL
573,574,cou-c,COU-C,COU,35,LIGHT,NORMAL
574,575,cou-d,COU-D,COU,35,LIGHT,NORMAL
575,576,cou-e,COU-E,COU,35,LIGHT,NORMAL
576,577,cou-h,COU-H,COU,35,LIGHT,NORMAL
577,578,cou-ba,COU-BA,COU,35,LIGHT,HERO
578,579,mcii-1s,MCII-1,MCII,90,ASSAULT,NORMAL
579,580,mcii-1,MCII-1,MCII,90,ASSAULT,NORMAL
580,581,mcii-2,MCII-2,MCII,90,ASSAULT,NORMAL
581,582,mcii-4,MCII-4,MCII,90,ASSAULT,NORMAL
582,583,mcii-a,MCII-A,MCII,90,ASSAULT,NORMAL
583,584,mcii-b,MCII-B,MCII,90,ASSAULT,NORMAL
584,585,mcii-ds,MCII-DS,MCII,90,ASSAULT,HERO
585,586,mlx-ed,MLX-ED,MLX,25,LIGHT,HERO
586,587,ach-sh,ACH-SH,ACH,30,LIGHT,HERO
587,588,ifr-rc,IFR-RC,IFR,45,MEDIUM,HERO
588,589,shc-mi,SHC-MI,SHC,45,MEDIUM,HERO
589,590,mdd-ba,MDD-BA,MDD,60,HEAVY,HERO
590,591,ebj-ec,EBJ-EC,EBJ,65,HEAVY,HERO
591,592,hbr-vi,HBR-VI,HBR,65,HEAVY,HERO
592,593,gar-kw,GAR-KW,GAR,80,ASSAULT,HERO
593,594,exe-ch,EXE-CH,EXE,95,ASSAULT,HERO
594,595,mlx-g,MLX-G,MLX,25,LIGHT,NORMAL
595,596,ach-e,ACH-E,ACH,30,LIGHT,NORMAL
596,597,ifr-p,IFR-P,IFR,45,MEDIUM,NORMAL
597,598,shc-h,SHC-H,SHC,45,MEDIUM,NORMAL
598,599,mdd-h,MDD-H,MDD,60,HEAVY,NORMAL
599,600,ebj-d,EBJ-D,EBJ,65,HEAVY,NORMAL
600,601,hbr-p,HBR-P,HBR,65,HEAVY,NORMAL
601,602,gar-e,GAR-E,GAR,80,ASSAULT,NORMAL
602,603,exe-e,EXE-E,EXE,95,ASSAULT,NORMAL
603,604,jr7-iic-fy,JR7-IIC-FY,JR7-IIC,35,LIGHT,HERO
604,605,hbk-iic-dw,HBK-IIC-DW,HBK-IIC,50,MEDIUM,HERO
605,606,on1-iic-sk,ON1-IIC-SK,ON1-IIC,75,HEAVY,HERO
606,607,hgn-iic-kp,HGN-IIC-KP,HGN-IIC,90,ASSAULT,HERO
607,608,osr-3ds,OSR-3D,OSR,30,LIGHT,NORMAL
608,609,osr-3d,OSR-3D,OSR,30,LIGHT,NORMAL
609,610,osr-4d,OSR-4D,OSR,30,LIGHT,NORMAL
610,611,osr-1v,OSR-1V,OSR,30,LIGHT,NORMAL
611,612,osr-2v,OSR-2V,OSR,30,LIGHT,NORMAL
612,613,osr-1p,OSR-1P,OSR,30,LIGHT,NORMAL
613,614,osr-se,OSR-SE,OSR,30,LIGHT,HERO
614,615,nsr-9js,NSR-9J,NSR,95,ASSAULT,NORMAL
615,616,nsr-9j,NSR-9J,NSR,95,ASSAULT,NORMAL
616,617,nsr-9fc,NSR-9FC,NSR,95,ASSAULT,NORMAL
617,618,nsr-9s,NSR-9S,NSR,95,ASSAULT,NORMAL
618,619,nsr-9p,NSR-9P,NSR,95,ASSAULT,NORMAL
619,620,nsr-10p,NSR-10P,NSR,95,ASSAULT,NORMAL
620,621,nsr-wp,NSR-WP,NSR,95,ASSAULT,HERO
621,622,acw-primes,ACW-PRIME,ACW,40,MEDIUM,NORMAL
622,623,acw-prime,ACW-PRIME,ACW,40,MEDIUM,NORMAL
623,624,acw-a,ACW-A,ACW,40,MEDIUM,NORMAL
624,625,acw-p,ACW-P,ACW,40,MEDIUM,NORMAL
625,626,acw-1,ACW-1,ACW,40,MEDIUM,NORMAL
626,627,acw-2,ACW-2,ACW,40,MEDIUM,NORMAL
627,628,acw-bk,ACW-BK,ACW,40,MEDIUM,HERO
628,629,nct-primes,NCT-PRIME,NCT,70,HEAVY,NORMAL
629,630,nct-prime,NCT-PRIME,NCT,70,HEAVY,NORMAL
630,631,nct-a,NCT-A,NCT,70,HEAVY,NORMAL
631,632,nct-b,NCT-B,NCT,70,HEAVY,NORMAL
632,633,nct-c,NCT-C,NCT,70,HEAVY,NORMAL
633,634,nct-d,NCT-D,NCT,70,HEAVY,NORMAL
634,635,nct-cc,NCT-CC,NCT,70,HEAVY,HERO
635,636,tns-4ss,TNS-4S,TNS,75,HEAVY,NORMAL
636,637,tns-4s,TNS-4S,TNS,75,HEAVY,NORMAL
637,638,tns-4p,TNS-4P,TNS,75,HEAVY,NORMAL
638,639,tns-5p,TNS-5P,TNS,75,HEAVY,NORMAL
639,640,tns-5s,TNS-5S,TNS,75,HEAVY,NORMAL
640,641,tns-5t,TNS-5T,TNS,75,HEAVY,NORMAL
641,642,tns-ha,TNS-HA,TNS,75,HEAVY,HERO
642,643,um-r68l,UM-R68,UM,30,LIGHT,NORMAL
643,644,grf-5ml,GRF-5M,GRF,55,MEDIUM,NORMAL
644,645,vtr-9a1l,VTR-9A1,VTR,80,ASSAULT,NORMAL
645,646,kfx-gl,KFX-G,KFX,30,LIGHT,NORMAL
646,647,lbk-hl,LBK-H,LBK,65,HEAVY,NORMAL
647,648,hsn-7ds,HSN-7D,HSN,45,MEDIUM,NORMAL
648,649,hsn-7d,HSN-7D,HSN,45,MEDIUM,NORMAL
649,650,hsn-8e,HSN-8E,HSN,45,MEDIUM,NORMAL
650,651,hsn-9f,HSN-9F,HSN,45,MEDIUM,NORMAL
651,652,hsn-7p,HSN-7P,HSN,45,MEDIUM,NORMAL
652,653,hsn-8p,HSN-8P,HSN,45,MEDIUM,NORMAL
653,654,hsn-7d2,HSN-7D2,HSN,45,MEDIUM,HERO
654,655,pir-1s,PIR-1,PIR,20,LIGHT,NORMAL
655,656,pir-1,PIR-1,PIR,20,LIGHT,NORMAL
656,657,pir-2,PIR-2,PIR,20,LIGHT,NORMAL
657,658,pir-3,PIR-3,PIR,20,LIGHT,NORMAL
658,659,pir-a,PIR-A,PIR,20,LIGHT,NORMAL
659,660,pir-b,PIR-B,PIR,20,LIGHT,NORMAL
660,661,pir-ci,PIR-CI,PIR,20,LIGHT,HERO
661,662,bkl-primes,BKL-PRIME,BKL,55,MEDIUM,NORMAL
662,663,bkl-prime,BKL-PRIME,BKL,55,MEDIUM,NORMAL
663,664,bkl-a,BKL-A,BKL,55,MEDIUM,NORMAL
664,665,bkl-c,BKL-C,BKL,55,MEDIUM,NORMAL
665,666,bkl-d,BKL-D,BKL,55,MEDIUM,NORMAL
666,667,bkl-e,BKL-E,BKL,55,MEDIUM,NORMAL
667,668,bkl-bl,BKL-BL,BKL,55,MEDIUM,HERO
668,669,um-r68,UM-R68,UM,30,LIGHT,NORMAL
669,670,grf-5m,GRF-5M,GRF,55,MEDIUM,NORMAL
670,671,vtr-9a1,VTR-9A1,VTR,80,ASSAULT,NORMAL
671,672,kfx-g,KFX-G,KFX,30,LIGHT,NORMAL
672,673,lbk-h,LBK-H,LBK,65,HEAVY,NORMAL
673,674,sns-primes,SNS-PRIME,SNS,70,HEAVY,NORMAL
674,675,sns-prime,SNS-PRIME,SNS,70,HEAVY,NORMAL
675,676,sns-a,SNS-A,SNS,70,HEAVY,NORMAL
676,677,sns-b,SNS-B,SNS,70,HEAVY,NORMAL
677,678,sns-c,SNS-C,SNS,70,HEAVY,NORMAL
678,679,sns-d,SNS-D,SNS,70,HEAVY,NORMAL
679,680,sns-ml,SNS-ML,SNS,70,HEAVY,HERO
680,681,sns-vg,SNS-VG,SNS,70,HEAVY,HERO
681,682,rgh-ph,RGH-PH,RGH,65,HEAVY,HERO
682,683,fnr-5s,FNR-5,FNR,100,ASSAULT,NORMAL
683,684,fnr-5,FNR-5,FNR,100,ASSAULT,NORMAL
684,685,fnr-5b,FNR-5B,FNR,100,ASSAULT,NORMAL
685,686,fnr-6u,FNR-6U,FNR,100,ASSAULT,NORMAL
686,687,fnr-5e,FNR-5E,FNR,100,ASSAULT,NORMAL
687,688,fnr-6r,FNR-6R,FNR,100,ASSAULT,NORMAL
688,689,fnr-wr,FNR-WR,FNR,100,ASSAULT,HERO
689,690,um-sc,UM-SC,UM,30,LIGHT,HERO
690,691,fs9-fs,FS9-FS,FS9,35,LIGHT,HERO
691,692,grf-ar,GRF-AR,GRF,55,MEDIUM,HERO
692,693,rfl-db,RFL-DB,RFL,60,HEAVY,HERO
693,694,bnc-sr,BNC-SR,BNC,95,ASSAULT,HERO
694,695,as7-kr,AS7-KR,AS7,100,ASSAULT,HERO
695,696,mdd-rv,MDD-RV,MDD,60,HEAVY,HERO
696,697,nsr-9pc,NSR-9P,NSR,95,ASSAULT,NORMAL
697,698,rgh-1ac,RGH-1A,RGH,65,HEAVY,NORMAL
698,699,bsw-s2c,BSW-S2,BSW,55,MEDIUM,NORMAL
699,700,asn-101c,ASN-101,ASN,40,MEDIUM,NORMAL
700,701,osr-1vc,OSR-1V,OSR,30,LIGHT,NORMAL
701,702,uzl-3pc,UZL-3P,UZL,50,MEDIUM,NORMAL
702,703,mdd-cc,MDD-C,MDD,60,HEAVY,NORMAL
703,704,bas-primes,BAS-PRIME,BAS,90,ASSAULT,NORMAL
704,705,bas-prime,BAS-PRIME,BAS,90,ASSAULT,NORMAL
705,706,bas-a,BAS-A,BAS,90,ASSAULT,NORMAL
706,707,bas-b,BAS-B,BAS,90,ASSAULT,NORMAL
707,708,bas-c,BAS-C,BAS,90,ASSAULT,NORMAL
708,709,bas-d,BAS-D,BAS,90,ASSAULT,NORMAL
709,710,bas-ra,BAS-RA,BAS,90,ASSAULT,HERO
710,711,fle-17s,FLE-17,FLE,20,LIGHT,NORMAL
711,712,fle-17,FLE-17,FLE,20,LIGHT,NORMAL
712,713,fle-15,FLE-15,FLE,20,LIGHT,NORMAL
713,714,fle-19,FLE-19,FLE,20,LIGHT,NORMAL
714,715,fle-20,FLE-20,FLE,20,LIGHT,NORMAL
715,716,fle-fa,FLE-FA,FLE,20,LIGHT,NORMAL
716,717,fle-r5k,FLE-R5K,FLE,20,LIGHT,HERO
717,718,hlf-1s,HLF-1,HLF,60,HEAVY,NORMAL
718,719,hlf-1,HLF-1,HLF,60,HEAVY,NORMAL
719,720,hlf-2,HLF-2,HLF,60,HEAVY,NORMAL
720,721,hlf-a,HLF-A,HLF,60,HEAVY,NORMAL
721,722,hlf-b,HLF-B,HLF,60,HEAVY,NORMAL
722,723,hlf-c,HLF-C,HLF,60,HEAVY,NORMAL
723,724,hlf-vo,HLF-VO,HLF,60,HEAVY,HERO
724,725,vl-2ts,VL-2T,VL,40,MEDIUM,NORMAL
725,726,vl-2t,VL-2T,VL,40,MEDIUM,NORMAL
726,727,vl-5t,VL-5T,VL,40,MEDIUM,NORMAL
727,728,vt-5m,VT-5M,VL,40,MEDIUM,NORMAL
728,729,vt-5s,VT-5S,VL,40,MEDIUM,NORMAL
729,730,vt-6m,VT-6M,VL,40,MEDIUM,NORMAL
730,731,vl-bl,VL-BL,VL,40,MEDIUM,HERO
731,732,inc-1s,INC-1,INC,30,LIGHT,NORMAL
732,733,inc-1,INC-1,INC,30,LIGHT,NORMAL
733,734,inc-2,INC-2,INC,30,LIGHT,NORMAL
734,735,inc-3,INC-3,INC,30,LIGHT,NORMAL
735,736,inc-4,INC-4,INC,30,LIGHT,NORMAL
736,737,inc-5,INC-5,INC,30,LIGHT,NORMAL
737,738,inc-sa,INC-SA,INC,30,LIGHT,HERO
738,739,chp-1ns,CHP-1N,CHP,60,HEAVY,NORMAL
739,740,chp-1n,CHP-1N,CHP,60,HEAVY,NORMAL
740,741,chp-2n,CHP-2N,CHP,60,HEAVY,NORMAL
741,742,chp-3n,CHP-3N,CHP,60,HEAVY,NORMAL
742,743,chp-1n2,CHP-1N2,CHP,60,HEAVY,NORMAL
743,744,chp-1nb,CHP-1NB,CHP,60,HEAVY,NORMAL
744,745,chp-inv,CHP-INV,CHP,60,HEAVY,HERO
745,746,vgl-1s,VGL-1,VGL,55,MEDIUM,NORMAL
746,747,vgl-1,VGL-1,VGL,55,MEDIUM,NORMAL
747,748,vgl-2,VGL-2,VGL,55,MEDIUM,NORMAL
748,749,vgl-3,VGL-3,VGL,55,MEDIUM,NORMAL
749,750,vgl-4,VGL-4,VGL,55,MEDIUM,NORMAL
750,751,vgl-a,VGL-A,VGL,55,MEDIUM,NORMAL
751,752,vgl-ri,VGL-RI,VGL,55,MEDIUM,HERO
752,753,jvn-11fl,JVN-11F,JVN,30,LIGHT,NORMAL
753,754,rfl-8dl,RFL-8D,RFL,60,HEAVY,NORMAL
754,755,whm-4ll,WHM-4L,WHM,70,HEAVY,NORMAL
755,756,ntg-hl,NTG-H,NTG,75,HEAVY,NORMAL
756,757,mad-iic2l,MAD-IIC-2,MAD-IIC,85,ASSAULT,NORMAL
757,758,cgr-1a1s,CGR-1A1,CGR,80,ASSAULT,NORMAL
758,759,cgr-1a1,CGR-1A1,CGR,80,ASSAULT,NORMAL
759,760,cgr-1a5,CGR-1A5,CGR,80,ASSAULT,NORMAL
760,761,cgr-3k,CGR-3K,CGR,80,ASSAULT,NORMAL
761,762,cgr-n7,CGR-N7,CGR,80,ASSAULT,HERO
762,763,htm-27ts,HTM-27T,HTM,80,ASSAULT,NORMAL
763,764,htm-27t,HTM-27T,HTM,80,ASSAULT,NORMAL
764,765,htm-27w,HTM-27W,HTM,80,ASSAULT,NORMAL
765,766,htm-28tr,HTM-28TR,HTM,80,ASSAULT,NORMAL
766,767,htm-sg,HTM-SG,HTM,80,ASSAULT,HERO
767,768,whm-iics,WHM-IIC,WHM-IIC,80,ASSAULT,NORMAL
768,769,whm-iic,WHM-IIC,WHM-IIC,80,ASSAULT,NORMAL
769,770,whm-iic-2,WHM-IIC-2,WHM-IIC,80,ASSAULT,NORMAL
770,771,whm-iic-3,WHM-IIC-3,WHM-IIC,80,ASSAULT,NORMAL
771,772,whm-iic-4,WHM-IIC-4,WHM-IIC,80,ASSAULT,NORMAL
772,773,whm-iic-10,WHM-IIC-10,WHM-IIC,80,ASSAULT,NORMAL
773,774,whm-iic-ml,WHM-IIC-ML,WHM-IIC,80,ASSAULT,HERO
774,775,whm-iic-bl,WHM-IIC-BL,WHM-IIC,80,ASSAULT,HERO
775,776,jvn-11f,JVN-11F,JVN,30,LIGHT,NORMAL
776,777,rfl-8d,RFL-8D,RFL,60,HEAVY,NORMAL
777,778,whm-4l,WHM-4L,WHM,70,HEAVY,NORMAL
778,779,ntg-h,NTG-H,NTG,75,HEAVY,NORMAL
779,780,mad-iic2,MAD-IIC-2,MAD-IIC,85,ASSAULT,NORMAL
780,781,whm-iic-a,WHM-IIC-A,WHM-IIC,80,ASSAULT,NORMAL
781,782,cor-5rs,COR-5R,COR,95,ASSAULT,NORMAL
782,783,cor-5r,COR-5R,COR,95,ASSAULT,NORMAL
783,784,cor-6r,COR-6R,COR,95,ASSAULT,NORMAL
784,785,cor-7a,COR-7A,COR,95,ASSAULT,NORMAL
785,786,cor-5t,COR-5T,COR,95,ASSAULT,NORMAL
786,787,cor-7r,COR-7R,COR,95,ASSAULT,NORMAL
787,788,cor-ra,COR-RA,COR,95,ASSAULT,HERO
788,789,cor-br,COR-BR,COR,95,ASSAULT,HERO
789,790,mad-4as,MAD-4A,MAD2,100,ASSAULT,NORMAL
790,791,mad-4a,MAD-4A,MAD2,100,ASSAULT,NORMAL
791,792,mad-4hp,MAD-4HP,MAD2,100,ASSAULT,NORMAL
792,793,mad-5a,MAD-5A,MAD2,100,ASSAULT,NORMAL
793,794,mad-4l,MAD-4L,MAD2,100,ASSAULT,NORMAL
794,795,mad-6s,MAD-6S,MAD2,100,ASSAULT,NORMAL
795,796,mad-al,MAD-AL,MAD2,100,ASSAULT,HERO
796,797,rfl-iics,RFL-IIC,RFL-IIC,65,HEAVY,NORMAL
797,798,rfl-iic,RFL-IIC,RFL-IIC,65,HEAVY,NORMAL
798,799,rfl-iic-2,RFL-IIC-2,RFL-IIC,65,HEAVY,NORMAL
799,800,rfl-iic-3,RFL-IIC-3,RFL-IIC,65,HEAVY,NORMAL
800,801,rfl-iic-4,RFL-IIC-4,RFL-IIC,65,HEAVY,NORMAL
801,802,rfl-iic-a,RFL-IIC-A,RFL-IIC,65,HEAVY,NORMAL
802,803,rfl-iic-ch,RFL-IIC-CH,RFL-IIC,65,HEAVY,HERO
803,804,cplt-c2s,CPLT-C2,CPLT,65,HEAVY,NORMAL
804,805,whm-9ds,WHM-9D,WHM,70,HEAVY,NORMAL
805,806,mad-9ms,MAD-9M,MAD,75,HEAVY,NORMAL
806,807,kgc-001s,KGC-001,KGC,100,ASSAULT,NORMAL
807,808,dv-6ms,DV-6M,DV,55,MEDIUM,NORMAL
808,809,dv-6m,DV-6M,DV,55,MEDIUM,NORMAL
809,810,dv-7d,DV-7D,DV,55,MEDIUM,NORMAL
810,811,dv-8d,DV-8D,DV,55,MEDIUM,NORMAL
811,812,dv-6mr,DV-6MR,DV,55,MEDIUM,NORMAL
812,813,dv-7p,DV-7P,DV,55,MEDIUM,NORMAL
813,814,dv-fr,DV-FR,DV,55,MEDIUM,HERO
814,815,cplt-c2,CPLT-C2,CPLT,65,HEAVY,NORMAL
815,816,whm-9d,WHM-9D,WHM,70,HEAVY,NORMAL
816,817,mad-9m,MAD-9M,MAD,75,HEAVY,NORMAL
817,818,kgc-001,KGC-001,KGC,100,ASSAULT,NORMAL
818,819,lct-1vs,LCT-1V,LCT,20,LIGHT,NORMAL
819,820,shd-2hs,SHD-2H,SHD,55,MEDIUM,NORMAL
820,821,tdr-5sspec,TDR-5SS,TDR,65,HEAVY,NORMAL
821,822,blr-1gs,BLR-1G,BLR,85,ASSAULT,NORMAL
822,823,grf-1ns,GRF-1N,GRF,55,MEDIUM,NORMAL
823,824,wvr-6rs,WVR-6R,WVR,55,MEDIUM,NORMAL
824,825,um-r60ls,UM-R60L,UM,30,LIGHT,NORMAL
825,826,pxh-1ks,PXH-1K,PXH,45,MEDIUM,NORMAL
826,827,tdr-10ses,TDR-10SE,TDR,65,HEAVY,NORMAL
827,828,drg-1gs,DRG-1G,DRG,60,HEAVY,NORMAL
828,829,tdr-10se,TDR-10SE,TDR,65,HEAVY,NORMAL
829,830,drg-1g,DRG-1G,DRG,60,HEAVY,NORMAL
830,831,tbr-bhs,TBR-BH,TBR,75,HEAVY,NORMAL
831,832,dwf-cs,DWF-C,DWF,100,ASSAULT,NORMAL
832,833,tbr-bh,TBR-BH,TBR,75,HEAVY,NORMAL
833,834,dwf-c,DWF-C,DWF,100,ASSAULT,NORMAL
834,835,pxh-7s,PXH-7S,PXH,45,MEDIUM,NORMAL
835,836,pxh-7ss,PXH-7S,PXH,45,MEDIUM,NORMAL
836,837,stk-7d,STK-7D,STK,85,ASSAULT,NORMAL
837,838,stk-7ds,STK-7D,STK,85,ASSAULT,NORMAL
838,839,um-r80,UM-R80,UM,30,LIGHT,NORMAL
839,840,um-r80l,UM-R80,UM,30,LIGHT,NORMAL
840,841,vpr-f,VPR-F,VPR,40,MEDIUM,NORMAL
841,842,vpr-fl,VPR-F,VPR,40,MEDIUM,NORMAL
842,843,as7-k3,AS7-K3,AS7,100,ASSAULT,NORMAL
843,844,as7-k3l,AS7-K3,AS7,100,ASSAULT,NORMAL
844,845,ntg-dcs,NTG-D,NTG,75,HEAVY,NORMAL
845,846,rgh-blt,RGH-BLT,RGH,65,HEAVY,HERO
846,847,sns-amb,SNS-AMB,SNS,70,HEAVY,HERO
847,848,mal-2ps,MAL-2P,MAL,90,ASSAULT,NORMAL
848,849,mad-iic-as,MAD-IIC-A,MAD-IIC,85,ASSAULT,NORMAL
849,850,bas-e,BAS-E,BAS,90,ASSAULT,NORMAL
850,851,bas-es,BAS-E,BAS,90,ASSAULT,NORMAL
851,852,shc-d,SHC-D,SHC,45,MEDIUM,NORMAL
852,853,shc-ds,SHC-D,SHC,45,MEDIUM,NORMAL
853,854,inc-5c,INC-5,INC,30,LIGHT,NORMAL
854,855,kfx-dc,KFX-D,KFX,30,LIGHT,NORMAL
855,856,fle-17c,FLE-17,FLE,20,LIGHT,NORMAL
856,857,jvn-11ac,JVN-11A,JVN,30,LIGHT,NORMAL
857,858,hmn-primec,HMN-PRIME,HMN,50,MEDIUM,NORMAL
858,859,vgl-2c,VGL-2,VGL,55,MEDIUM,NORMAL
859,860,dv-7dc,DV-7D,DV,55,MEDIUM,NORMAL
860,861,vl-5tc,VL-5T,VL,40,MEDIUM,NORMAL
861,862,lbk-hc,LBK-H,LBK,65,HEAVY,NORMAL
862,863,smn-dc,SMN-D,SMN,70,HEAVY,NORMAL
863,864,arc-2rc,ARC-2R,ARC,70,HEAVY,NORMAL
864,865,mad-9mc,MAD-9M,MAD,75,HEAVY,NORMAL
865,866,bas-ac,BAS-A,BAS,90,ASSAULT,NORMAL
866,867,mad-iicc,MAD-IIC,MAD-IIC,85,ASSAULT,NORMAL
867,868,anh-1ac,ANH-1A,ANH,100,ASSAULT,NORMAL
868,869,cp-10-qc,CP-10-Q,CP,90,ASSAULT,NORMAL
869,870,as7-d-dcp,AS7-D-DC,AS7,100,ASSAULT,NORMAL
870,871,cplt-k2p,CPLT-K2,CPLT,65,HEAVY,NORMAL
871,872,hbk-4pp,HBK-4P,HBK,50,MEDIUM,NORMAL
872,873,jr7-fp,JR7-F,JR7,35,LIGHT,NORMAL
873,874,jr7-iic-ap,JR7-IIC-A,JR7-IIC,35,LIGHT,NORMAL
874,875,hbk-iic-bp,HBK-IIC-B,HBK-IIC,50,MEDIUM,NORMAL
875,876,on1-iic-ap,ON1-IIC-A,ON1-IIC,75,HEAVY,NORMAL
876,877,hgn-iic-bp,HGN-IIC-B,HGN-IIC,90,ASSAULT,NORMAL
877,878,kfx-p,KFX-P,KFX,30,LIGHT,NORMAL
878,879,kfx-ps,KFX-P,KFX,30,LIGHT,NORMAL
879,880,smn-g,SMN-G,SMN,70,HEAVY,NORMAL
880,881,smn-gs,SMN-G,SMN,70,HEAVY,NORMAL
881,882,uzl-6pp,UZL-6P,UZL,50,MEDIUM,NORMAL
882,883,ctf-4xp,CTF-4X,CTF,70,HEAVY,NORMAL
883,884,qkd-5kp,QKD-5K,QKD,60,HEAVY,NORMAL
884,885,wlf-1ap,WLF-1A,WLF,35,LIGHT,NORMAL
885,886,crb-27slp,CRB-27SL,CRB,50,MEDIUM,NORMAL
886,887,bl-6b-kntp,BL-6B-KNT,BL-KNT,75,HEAVY,NORMAL
887,888,mal-mx90p,MAL-MX90,MAL,90,ASSAULT,NORMAL
888,889,cou-hp,COU-H,COU,35,LIGHT,NORMAL
889,890,acw-ap,ACW-A,ACW,40,MEDIUM,NORMAL
890,891,nct-bp,NCT-B,NCT,70,HEAVY,NORMAL
891,892,mcii-bp,MCII-B,MCII,90,ASSAULT,NORMAL
892,893,crd-3rs,CRD-3R,CRD,65,HEAVY,NORMAL
893,894,crd-3r,CRD-3R,CRD,65,HEAVY,NORMAL
894,895,crd-5k,CRD-5K,CRD,65,HEAVY,NORMAL
895,896,crd-5m,CRD-5M,CRD,65,HEAVY,NORMAL
896,897,crd-6t,CRD-6T,CRD,65,HEAVY,NORMAL
897,898,crd-7l,CRD-7L,CRD,65,HEAVY,NORMAL
898,899,crd-cr,CRD-CR,CRD,65,HEAVY,HERO
899,900,sdr-5dp,SDR-5D,SDR,30,LIGHT,NORMAL
900,901,cda-3mp,CDA-3M,CDA,40,MEDIUM,NORMAL
901,902,jm6-ddp,JM6-DD,JM6,65,HEAVY,NORMAL
902,903,kgc-000p,KGC-000,KGC,100,ASSAULT,NORMAL
903,904,inc-4p,INC-4,INC,30,LIGHT,NORMAL
904,905,vgl-3p,VGL-3,VGL,55,MEDIUM,NORMAL
905,906,hlf-ap,HLF-A,HLF,60,HEAVY,NORMAL
906,907,kdk-3p,KDK-3,KDK,100,ASSAULT,NORMAL
907,908,pnt-9rp,PNT-9R,PNT,35,LIGHT,NORMAL
908,909,bsw-x2p,BSW-X2,BSW,55,MEDIUM,NORMAL
909,910,ghr-5pp,GHR-5P,GHR,70,HEAVY,NORMAL
910,911,anh-1xp,ANH-1X,ANH,100,ASSAULT,NORMAL
911,912,mlx-gp,MLX-G,MLX,25,LIGHT,NORMAL
912,913,scr-bp,SCR-B,SCR,55,MEDIUM,NORMAL
913,914,hbr-bp,HBR-B,HBR,65,HEAVY,NORMAL
914,915,gar-ep,GAR-E,GAR,80,ASSAULT,NORMAL
915,916,com-1bp,COM-1B,COM,25,LIGHT,NORMAL
916,917,cn9-dp,CN9-D,CN9,50,MEDIUM,NORMAL
917,918,on1-kp,ON1-K,ON1,75,HEAVY,NORMAL
918,919,mad-6sp,MAD-6S,MAD2,100,ASSAULT,NORMAL
919,920,adr-ap,ADR-A,ADR,35,LIGHT,NORMAL
920,921,shc-bp,SHC-B,SHC,45,MEDIUM,NORMAL
921,922,tbr-sp,TBR-S,TBR,75,HEAVY,NORMAL
922,923,snv-bp,SNV-B,SNV,90,ASSAULT,NORMAL
923,924,whm-7sp,WHM-7S,WHM,70,HEAVY,NORMAL
924,925,mad-5mp,MAD-5M,MAD,75,HEAVY,NORMAL
925,926,rfl-5dp,RFL-5D,RFL,60,HEAVY,NORMAL
926,927,arc-5wp,ARC-5W,ARC,70,HEAVY,NORMAL
927,928,whm-iic-ap,WHM-IIC-A,WHM-IIC,80,ASSAULT,NORMAL
928,929,mad-iic-dp,MAD-IIC-D,MAD-IIC,85,ASSAULT,NORMAL
929,930,rfl-iic-2p,RFL-IIC-2,RFL-IIC,65,HEAVY,NORMAL
930,931,mdd-cp,MDD-C,MDD,60,HEAVY,NORMAL
931,932,rvn-2xp,RVN-2X,RVN,35,LIGHT,NORMAL
932,933,bj-3p,BJ-3,BJ,45,MEDIUM,NORMAL
933,934,tns-5sp,TNS-5S,TNS,75,HEAVY,NORMAL
934,935,fnr-5bp,FNR-5B,FNR,100,ASSAULT,NORMAL
935,936,pir-2p,PIR-2,PIR,20,LIGHT,NORMAL
936,937,ifr-pp,IFR-P,IFR,45,MEDIUM,NORMAL
937,938,ebj-ap,EBJ-A,EBJ,65,HEAVY,NORMAL
938,939,bas-bp,BAS-B,BAS,90,ASSAULT,NORMAL
939,940,tbt-7kp,TBT-7K,TBT,50,MEDIUM,NORMAL
940,941,asn-27p,ASN-27,ASN,40,MEDIUM,NORMAL
941,942,hsn-8pp,HSN-8P,HSN,45,MEDIUM,NORMAL
942,943,stk-5mp,STK-5M,STK,85,ASSAULT,NORMAL
943,944,ach-ep,ACH-E,ACH,30,LIGHT,NORMAL
944,945,bkl-dp,BKL-D,BKL,55,MEDIUM,NORMAL
945,946,ntg-cp,NTG-C,NTG,75,HEAVY,NORMAL
946,947,whk-bp,WHK-B,WHK,85,ASSAULT,NORMAL
947,948,um-r60p,UM-R60,UM,30,LIGHT,NORMAL
948,949,enf-4pp,ENF-4P,ENF,50,MEDIUM,NORMAL
949,950,drg-1cp,DRG-1C,DRG,60,HEAVY,NORMAL
950,951,cp-11-pp,CP-11-P,CP,90,ASSAULT,NORMAL
951,952,pxh-1bp,PXH-1B,PXH,45,MEDIUM,NORMAL
952,953,crd-6tp,CRD-6T,CRD,65,HEAVY,NORMAL
953,954,rgh-3ap,RGH-3A,RGH,65,HEAVY,NORMAL
954,955,cor-7ap,COR-7A,COR,95,ASSAULT,NORMAL
955,956,kfx-dp,KFX-D,KFX,30,LIGHT,NORMAL
956,957,vpr-bp,VPR-B,VPR,40,MEDIUM,NORMAL
957,958,lbk-dp,LBK-D,LBK,65,HEAVY,NORMAL
958,959,exe-ap,EXE-A,EXE,95,ASSAULT,NORMAL
959,960,hmn-pp,HMN-P,HMN,50,MEDIUM,NORMAL
960,961,sns-dp,SNS-D,SNS,70,HEAVY,NORMAL
961,962,hct-3f,HCT-3F,HCT,45,MEDIUM,NORMAL
962,963,hct-5s,HCT-5S,HCT,45,MEDIUM,NORMAL
963,964,hct-6d,HCT-6D,HCT,45,MEDIUM,NORMAL
964,965,hct-5k,HCT-5K,HCT,45,MEDIUM,NORMAL
965,966,hct-7r,HCT-7R,HCT,45,MEDIUM,NORMAL
966,967,hct-tm,HCT-TM,HCT,45,MEDIUM,HERO
967,968,lct-3sp,LCT-3S,LCT,20,LIGHT,NORMAL
968,969,shd-2kp,SHD-2K,SHD,55,MEDIUM,NORMAL
969,970,tdr-9sp,TDR-9S,TDR,65,HEAVY,NORMAL
970,971,blr-3mp,BLR-3M,BLR,85,ASSAULT,NORMAL
971,972,wvr-7kp,WVR-7K,WVR,55,MEDIUM,NORMAL
972,973,grf-2np,GRF-2N,GRF,55,MEDIUM,NORMAL
973,974,nva-ap,NVA-A,NVA,50,MEDIUM,NORMAL
974,975,smn-bp,SMN-B,SMN,70,HEAVY,NORMAL
975,976,dwf-ap,DWF-A,DWF,100,ASSAULT,NORMAL
976,977,stk-5scs,STK-5S,STK,85,ASSAULT,NORMAL
977,978,on1-iic-cs,ON1-IIC-C,ON1-IIC,75,HEAVY,NORMAL
978,979,bnc-3es,BNC-3E,BNC,95,ASSAULT,NORMAL
979,980,fnr-jlgd,FNR-J,FNR,100,ASSAULT,LGD
980,981,fs9-ap,FS9-A,FS9,35,LIGHT,NORMAL
981,982,jvn-10pp,JVN-10P,JVN,30,LIGHT,NORMAL
982,983,vt-5sp,VT-5S,VL,40,MEDIUM,NORMAL
983,984,dv-6mrp,DV-6MR,DV,55,MEDIUM,NORMAL
984,985,kto-19p,KTO-19,KTO,55,MEDIUM,NORMAL
985,986,chp-3np,CHP-3N,CHP,60,HEAVY,NORMAL
986,987,aws-8qp,AWS-8Q,AWS,80,ASSAULT,NORMAL
987,988,hgn-732bp,HGN-732B,HGN,90,ASSAULT,NORMAL
988,989,vtr-9bp,VTR-9B,VTR,80,ASSAULT,NORMAL
989,990,as7-d-dc-escort,AS7-D-DC,AS7,100,ASSAULT,NORMAL
990,991,bnc-3sp,BNC-3S,BNC,95,ASSAULT,NORMAL
991,992,hct-7rp,HCT-7R,HCT,45,MEDIUM,NORMAL
992,993,osr-4dp,OSR-4D,OSR,30,LIGHT,NORMAL
993,994,fle-20p,FLE-20,FLE,20,LIGHT,NORMAL
994,995,vnd-1xp,VND-1X,VND,45,MEDIUM,NORMAL
995,996,jr7-d-founder,JR7-D,JR7,35,LIGHT,NORMAL
996,997,cplt-c1-founder,CPLT-C1,CPLT,65,HEAVY,NORMAL
997,998,hbk-4g-founder,HBK-4G,HBK,50,MEDIUM,NORMAL
998,999,as7-d-founder,AS7-D,AS7,100,ASSAULT,NORMAL
999,3601,zeu-9sp,ZEU-9S,ZEU,80,ASSAULT,NORMAL
1000,3602,nsr-10pp,NSR-10P,NSR,95,ASSAULT,NORMAL
1001,3603,cgr-3kp,CGR-3K,CGR,80,ASSAULT,NORMAL
1002,3604,htm-27wp,HTM-27W,HTM,80,ASSAULT,NORMAL
1003,3605,mcii-mwklgd,MCII-MWK,MCII,90,ASSAULT,LGD
1004,3606,mad-iic-dnlgd,MAD-IIC-DN,MAD-IIC,85,ASSAULT,LGD
1005,3607,shd-slgd,SHD-S,SHD,55,MEDIUM,LGD
1006,3608,cp-arlgd,CP-AR,CP,90,ASSAULT,LGD
1007,3609,snv-srlgd,SNV-SR,SNV,90,ASSAULT,LGD
1008,3610,qkd-dlgd,QKD-D,QKD,60,HEAVY,LGD
1009,3611,tbr-hlgd,TBR-H,TBR,75,HEAVY,LGD
1010,3612,anh-gzlgd,ANH-GZ,ANH-C,100,ASSAULT,LGD
1011,3613,anh-sclgd,ANH-SC,ANH,100,ASSAULT,LGD
1012,3614,sr-1,SR-1,SR,100,ASSAULT,NORMAL
1013,3615,sr-2,SR-2,SR,100,ASSAULT,NORMAL
1014,3616,sr-3,SR-3,SR,100,ASSAULT,NORMAL
1015,3617,sr-4,SR-4,SR,100,ASSAULT,NORMAL
1016,3618,sr-6,SR-6,SR,100,ASSAULT,NORMAL
1017,3619,sr-7,SR-7,SR,100,ASSAULT,NORMAL
1018,3620,sr-k,SR-K,SR,100,ASSAULT,HERO
1019,3621,sr-6s,SR-6,SR,100,ASSAULT,NORMAL
1020,3622,vpr-dilgd,VPR-SCS,VPR,40,MEDIUM,LGD
1021,3623,tbr-scs,TBR-S,TBR,75,HEAVY,NORMAL
1022,3624,exe-mtsp,EXE-M,EXE,95,ASSAULT,NORMAL
1023,3625,stk-wulgd,STK-WU,STK,85,ASSAULT,LGD
1024,3626,as7-wlgd,AS7-W,AS7,100,ASSAULT,LGD
1025,3627,um-iiclgd,UM-IIC,UM-IIC,30,LIGHT,LGD
1026,3628,um-iic-2lgd,UM-IIC-2,UM-IIC,30,LIGHT,LGD
1027,3629,fs9-at,FS9-A,FS9,35,LIGHT,TRIAL
1028,3630,jvn-10pt,JVN-10P,JVN,30,LIGHT,TRIAL
1029,3631,inc-1t,INC-1,INC,30,LIGHT,TRIAL
1030,3632,mlx-gt,MLX-G,MLX,25,LIGHT,TRIAL
1031,3633,bsw-p2t,BSW-P2,BSW,55,MEDIUM,TRIAL
1032,3634,wvr-7dt,WVR-7D,WVR,55,MEDIUM,TRIAL
1033,3635,hmn-bt,HMN-B,HMN,50,MEDIUM,TRIAL
1034,3636,hbk-iic-at,HBK-IIC-A,HBK-IIC,50,MEDIUM,TRIAL
1035,3637,whm-7st,WHM-7S,WHM,70,HEAVY,TRIAL
1036,3638,tdr-9st,TDR-9S,TDR,65,HEAVY,TRIAL
1037,3639,rfl-iic-2t,RFL-IIC-2,RFL-IIC,65,HEAVY,TRIAL
1038,3640,ntg-ht,NTG-H,NTG,75,HEAVY,TRIAL
1039,3641,stk-4nt,STK-4N,STK,85,ASSAULT,TRIAL
1040,3642,fnr-5t,FNR-5,FNR,100,ASSAULT,TRIAL
1041,3643,mcii-2t,MCII-2,MCII,90,ASSAULT,TRIAL
1042,3644,dwf-bt,DWF-B,DWF,100,ASSAULT,TRIAL
1043,3645,fnr-j,FNR-J,FNR,100,ASSAULT,LGD
1044,3646,mcii-mwk,MCII-MWK,MCII,90,ASSAULT,LGD
1045,3647,lgb-10c,LGB-10C,LGB,85,ASSAULT,NORMAL
1046,3648,lgb-12rs,LGB-12R,LGB,85,ASSAULT,NORMAL
1047,3649,lgb-10k,LGB-10K,LGB,85,ASSAULT,NORMAL
1048,3650,lgb-12c,LGB-12C,LGB,85,ASSAULT,NORMAL
1049,3651,lgb-12r,LGB-12R,LGB,85,ASSAULT,NORMAL
1050,3652,lgb-7v,LGB-7V,LGB,85,ASSAULT,NORMAL
1051,3653,lgb-13nais,LGB-13NAIS,LGB,85,ASSAULT,NORMAL
1052,3654,lgb-oc,LGB-OC,LGB,85,ASSAULT,HERO
1053,3655,vgl-gwlgd,VGL-GW,VGL,55,MEDIUM,LGD
1054,3656,mad-blgd,MAD-B,MAD,75,HEAVY,LGD
1055,3657,shd-s,SHD-S,SHD,55,MEDIUM,LGD
1056,3658,mad-iic-dn,MAD-IIC-DN,MAD-IIC,85,ASSAULT,LGD
1057,3659,adr-wl,ADR-W,ADR,35,LIGHT,NORMAL
1058,3660,ifr-jl,IFR-J,IFR,45,MEDIUM,NORMAL
1059,3661,um-rl,UM-R,UM,30,LIGHT,NORMAL
1060,3662,jr7-al,JR7-A,JR7,35,LIGHT,NORMAL
1061,3663,jm6-del,JM6-DE,JM6,65,HEAVY,NORMAL
1062,3664,wlf-cl,WLF-C,WLF-C,35,LIGHT,NORMAL
1063,3665,cn9-onlgd,CN9-ON,CN9,50,MEDIUM,LGD
1064,3666,sr-1p,SR-1,SR,100,ASSAULT,NORMAL
1065,3667,pir-dl,PIR-D,PIR,20,LIGHT,NORMAL
1066,3668,cp-ar,CP-AR,CP,90,ASSAULT,LGD
1067,3669,snv-sr,SNV-SR,SNV,90,ASSAULT,LGD
1068,3670,sr-aklgd,SR-AK,SR,100,ASSAULT,LGD
1069,3671,com-d03h,COM-D03,COM,25,LIGHT,NORMAL
1070,3672,lgb-ohlgd,LGB-OH,LGB,85,ASSAULT,LGD
1071,3673,whm-6rh,WHM-6R,WHM,70,HEAVY,NORMAL
1072,3674,qkd-d,QKD-D,QKD,60,HEAVY,LGD
1073,3675,tbr-h,TBR-H,TBR,75,HEAVY,LGD
1074,3676,vtr-9b-lilgd,VTR-9B,VTR,80,ASSAULT,LGD
1075,3677,exe-b-clgd,EXE-B,EXE,95,ASSAULT,LGD
1076,3678,anh-gz,ANH-GZ,ANH-C,100,ASSAULT,LGD
1077,3679,anh-sc,ANH-SC,ANH,100,ASSAULT,LGD
1078,3680,exe-m,EXE-M,EXE,95,ASSAULT,NORMAL
1079,3681,bl-x-knt-2lgd,BL-X-KNT-2,BL-KNT,75,HEAVY,LGD
1080,3682,whk-klgd,WHK-K,WHK,85,ASSAULT,LGD
1081,3683,vpr-sc,VPR-SCS,VPR,40,MEDIUM,LGD
1082,3684,stk-wu,STK-WU,STK,85,ASSAULT,NORMAL
1083,3685,bhku-os,BHKU-OS,BHKU,60,HEAVY,NORMAL
1084,3686,bhku-o,BHKU-O,BHKU,60,HEAVY,NORMAL
1085,3687,bhku-ox,BHKU-OX,BHKU,60,HEAVY,NORMAL
1086,3688,bhku-oxs,BHKU-OXS,BHKU,60,HEAVY,NORMAL
1087,3689,drg-1no,DRG-1N,DRG,60,HEAVY,NORMAL
1088,3690,cplt-k2o,CPLT-K2,CPLT,65,HEAVY,NORMAL
1089,3691,cgr-3ko,CGR-3K,CGR,80,ASSAULT,NORMAL
1090,3692,htm-28tro,HTM-28TR,HTM,80,ASSAULT,NORMAL
1091,3693,blr-2co,BLR-2C,BLR,85,ASSAULT,NORMAL
1092,3694,mal-1po,MAL-1P,MAL,90,ASSAULT,NORMAL
1093,3695,tdr-9ss,TDR-9SS,TDR,65,HEAVY,NORMAL
1094,3696,as7-w,AS7-W,AS7,100,ASSAULT,LGD
1095,3697,um-iic,UM-IIC,UM-IIC,30,LIGHT,LGD
1096,3698,um-iic-2,UM-IIC-2,UM-IIC,30,LIGHT,LGD
1097,3699,vgl-gw,VGL-GW,VGL,55,MEDIUM,LGD
1098,3700,mad-b,MAD-B,MAD,70,HEAVY,LGD
1099,3701,ebj-bs,EBJ-B,EBJ,65,HEAVY,NORMAL
1100,3702,bsk-1,BSK-1,BSK,95,ASSAULT,NORMAL
1101,3703,bsk-2,BSK-2,BSK,95,ASSAULT,NORMAL
1102,3704,bsk-2s,BSK-2S,BSK,95,ASSAULT,NORMAL
1103,3705,bsk-3,BSK-3,BSK,95,ASSAULT,NORMAL
1104,3706,bsk-4,BSK-4,BSK-C,95,ASSAULT,NORMAL
1105,3707,bsk-5,BSK-5,BSK,95,ASSAULT,NORMAL
1106,3708,bsk-6,BSK-6,BSK,95,ASSAULT,NORMAL
1107,3709,bsk-m,BSK-M,BSK,95,ASSAULT,HERO
1108,3710,cn9-on,CN9-ON,CN9,50,MEDIUM,LGD
1109,3711,adr-w,ADR-W,ADR,35,LIGHT,NORMAL
1110,3712,ifr-j,IFR-J,IFR,45,MEDIUM,NORMAL
1111,3713,um-r,UM-R,UM,30,LIGHT,NORMAL
1112,3714,jr7-a,JR7-A,JR7,35,LIGHT,NORMAL
1113,3715,jm6-de,JM6-DE,JM6,65,HEAVY,NORMAL
1114,3716,wlf-c,WLF-C,WLF-C,35,LIGHT,NORMAL
1115,3717,pir-d,PIR-D,PIR,20,LIGHT,NORMAL
1116,3718,com-d03,COM-D03,COM,25,LIGHT,NORMAL
1117,3719,cplt-fblgd,CPLT-FB,CPLT,65,HEAVY,LGD
1118,3720,bhn-6hlgd,BHN-6H,BHN,100,ASSAULT,LGD
1119,3721,sr-ak,SR-AK,SR,100,ASSAULT,LGD
1120,3722,lgb-oh,LGB-OH,LGB,85,ASSAULT,LGD
1121,3723,vtr-9b-li,VTR-9B-LI,VTR,80,ASSAULT,LGD
1122,3724,exe-b-c,EXE-B-C,EXE,95,ASSAULT,LGD
1123,3725,as7-mtsp,AS7-M,AS7,100,ASSAULT,NORMAL
1124,3726,zeu-mtsp,ZEU-M,ZEU,80,ASSAULT,NORMAL
1125,3727,cda-mtsp,CDA-M,CDA,40,MEDIUM,NORMAL
1126,3728,kgc-algd,KGC-A,KGC,100,ASSAULT,LGD
1127,3731,pxh-s(lgd),PXH-S,PXH,45,MEDIUM,LGD
1128,3732,chp-ap(lgd),CHP-AP,CHP,60,HEAVY,LGD
1129,3729,bl-x-knt-2,BL-X-KNT-2,BL-KNT,75,HEAVY,LGD
1130,3730,whk-k,WHK-K,WHK,85,ASSAULT,LGD